built,n,p,n_ryhma
3.5.0,6,0.05,120
3.5.1,88,0.7333333333333333,120
3.5.2,26,0.21666666666666667,120
